,customer_id,signup_date,region,acquisition_channel,segment,age,annual_income_egp,monthly_spend_egp,orders_last_6m,avg_order_value_egp,satisfaction_score,support_tickets,discount_rate,website_visits_last_30d,is_active,churned
0,CUST-10000,2023-04-13,Mansoura,Web,Bronze,53,216154.0,2209.15,6,334.4,,7,0.36,9,Yes,Yes
1,CUST-10001,,Mansoura,Mobile App,Silver,64,232796.0,2558.02,7,409.97,4.6,3,0.1,18,Yes,No
2,CUST-10002,2023-09-28,Giza,Mobile App,Bronze,38,137301.0,2462.59,9,286.26,3.8,3,0.37,7,Yes,No
3,CUST-10003,2023-04-17,Giza,Mobile App,Bronze,38,80006.0,1817.51,8,250.25,4.1,2,0.22,12,Yes,No
4,CUST-10004,2023-03-13,Alexandria,Mobile App,Gold,44,225943.0,3183.25,6,519.34,4.5,1,0.1,7,Yes,No
5,CUST-10005,2024-12-01,Cairo,Mobile App,Bronze,44,240467.0,2844.36,11,238.9,4.2,0,0.02,10,Yes,No
6,CUST-10006,2023-01-21,Asyut,Mobile App,Silver,47,237525.0,3124.93,4,775.86,3.3,2,0.25,18,Yes,No
7,CUST-10007,2024-09-06,Asyut,Web,Silver,44,193589.0,2488.2,7,330.3,2.8,0,0.03,15,Yes,No
8,CUST-10008,2023-05-02,Cairo,Web,Bronze,34,117141.0,1384.09,3,523.92,3.5,2,0.19,15,Yes,No
9,CUST-10009,2024-04-11,Cairo,Web,Bronze,48,338455.0,3738.45,9,381.77,4.5,3,0.02,9,Yes,No
10,CUST-10010,2023-08-03,Asyut,Mobile App,Bronze,23,211186.0,1963.7,6,348.2,3.4,1,0.34,13,No,No
11,CUST-10011,2023-11-27,Giza,Web,Gold,35,168697.0,2527.66,4,540.16,2.6,1,0.33,9,No,No
12,CUST-10012,2024-04-03,Alexandria,Branch,Silver,52,168986.0,2771.84,3,993.01,2.0,1,0.15,15,Yes,No
13,CUST-10013,2023-03-29,Giza,Mobile App,Bronze,21,189724.0,2521.68,4,734.64,3.5,2,0.09,6,Yes,No
14,CUST-10014,2024-01-08,Alexandria,Call Center,Silver,28,,3023.88,9,350.58,2.7,1,0.16,16,Yes,Yes
15,CUST-10015,2023-04-10,Asyut,Branch,Silver,42,,3166.04,8,405.23,3.2,2,0.11,15,No,No
16,CUST-10016,2024-10-25,Asyut,Call Center,Bronze,39,235803.0,1997.65,7,338.02,4.9,1,0.41,22,No,No
17,CUST-10017,2023-05-11,Asyut,Call Center,Silver,25,189841.0,3662.92,6,641.6,3.6,0,0.14,19,Yes,No
18,CUST-10018,2024-10-23,Alexandria,Web,Silver,30,172697.0,1959.79,4,,2.9,3,0.52,15,Yes,No
19,CUST-10019,2023-11-05,Mansoura,Mobile App,Platinum,22,221681.0,2503.07,4,573.8,3.9,2,0.2,10,Yes,No
20,CUST-10020,2025-02-08,Alexandria,Web,Bronze,46,219214.0,1851.09,10,200.31,5.0,0,0.18,6,No,No
21,CUST-10021,2023-12-10,Alexandria,Web,Bronze,32,168974.0,1593.87,4,435.99,3.5,1,0.17,20,Yes,No
22,CUST-10022,2024-05-06,Cairo,Mobile App,Bronze,55,131302.0,3139.77,5,578.6,1.5,0,0.19,7,Yes,No
23,CUST-10023,2024-02-18,Mansoura,Mobile App,Silver,36,,5009.71,7,671.4,4.2,3,0.04,19,Yes,No
24,CUST-10024,2024-01-21,Mansoura,Web,Bronze,33,185093.0,1874.42,4,560.65,3.9,3,0.23,12,Yes,Yes
25,CUST-10025,2023-07-11,Alexandria,Mobile App,Silver,32,,3293.79,4,692.34,3.7,3,0.12,9,Yes,No
26,CUST-10026,2023-10-04,Mansoura,Branch,Gold,32,125244.0,1906.68,3,611.32,3.4,2,0.43,17,Yes,Yes
27,CUST-10027,2023-06-10,Alexandria,Mobile App,Silver,36,206681.0,2190.56,7,258.17,2.9,3,0.08,18,Yes,No
28,CUST-10028,2024-04-04,Cairo,Mobile App,Silver,63,215756.0,3781.83,6,711.26,5.0,2,0.16,9,Yes,No
29,CUST-10029,2023-11-10,Cairo,Call Center,Gold,31,156598.0,1233.82,9,114.74,1.9,0,0.22,15,Yes,No
30,CUST-10030,2023-01-22,Cairo,Branch,Silver,32,142304.0,995.66,5,212.99,3.3,3,0.18,17,Yes,Yes
31,CUST-10031,2023-09-10,Giza,Mobile App,Silver,36,,2121.52,12,145.43,3.3,2,0.26,10,Yes,Yes
32,CUST-10032,2025-01-17,Cairo,Call Center,Bronze,47,204847.0,2797.29,8,373.84,4.4,2,0.16,17,No,No
33,CUST-10033,2024-07-14,Alexandria,Branch,Platinum,19,127741.0,2617.3,6,496.07,4.7,1,0.13,18,No,No
34,CUST-10034,2024-04-19,Giza,Branch,Bronze,40,325674.0,2524.61,9,269.16,3.4,3,0.44,11,Yes,No
35,CUST-10035,2023-02-28,Alexandria,Web,Bronze,26,153332.0,2230.72,4,562.62,,2,0.33,15,Yes,Yes
36,CUST-10036,,Giza,Web,Bronze,41,35000.0,2907.89,11,253.94,3.9,2,0.1,17,Yes,Yes
37,CUST-10037,2024-11-12,Alexandria,Web,Silver,30,178039.0,120.0,6,50.0,4.5,1,0.16,15,Yes,No
38,CUST-10038,2024-04-20,Giza,Web,Bronze,18,175253.0,1524.28,6,284.86,4.5,0,0.15,13,Yes,Yes
39,CUST-10039,2024-11-30,Cairo,Mobile App,Bronze,39,252262.0,2115.75,9,213.64,3.1,1,0.08,19,Yes,No
40,CUST-10040,2025-02-21,Giza,Mobile App,Bronze,39,198728.0,2834.08,9,342.98,4.0,0,0.17,16,Yes,No
41,CUST-10041,2023-07-09,Alexandria,Call Center,Bronze,29,125801.0,3540.79,7,446.38,3.9,1,0.07,14,No,Yes
42,CUST-10042,2024-11-17,Giza,Web,Silver,28,161385.0,1403.41,5,252.6,,2,0.23,12,Yes,Yes
43,CUST-10043,2024-07-16,Asyut,Call Center,Silver,21,201282.0,3511.37,9,364.63,3.9,1,0.26,17,Yes,Yes
44,CUST-10044,2024-07-20,Cairo,Mobile App,Bronze,44,39294.0,1792.69,14,132.62,3.6,2,0.25,17,No,No
45,CUST-10045,2023-09-01,Giza,Mobile App,Silver,45,267010.0,2083.08,11,185.92,,1,0.2,14,No,No
46,CUST-10046,2024-05-19,Asyut,Branch,Silver,25,125974.0,2723.29,2,1495.16,2.4,1,0.33,10,No,No
47,CUST-10047,2023-05-11,Alexandria,Mobile App,Bronze,29,272108.0,2017.09,7,255.14,2.8,2,0.28,9,Yes,No
48,CUST-10048,2024-04-29,Giza,Web,Bronze,34,205510.0,3199.11,8,321.62,4.3,2,0.37,15,Yes,No
49,CUST-10049,2024-10-08,Alexandria,Call Center,Platinum,60,220924.0,1835.86,5,407.79,2.5,4,0.39,9,Yes,Yes
50,CUST-10050,2023-01-21,Alexandria,Web,Silver,41,254713.0,1849.42,5,417.47,4.0,2,0.06,16,No,No
51,CUST-10051,2023-06-16,Mansoura,Web,Bronze,25,217254.0,3146.78,3,864.1,3.5,1,0.23,11,Yes,No
52,CUST-10052,2023-10-01,Cairo,Call Center,Silver,38,223738.0,1513.19,6,263.39,4.5,4,0.17,13,No,No
53,CUST-10053,2024-01-23,Cairo,Web,Bronze,20,169313.0,2424.04,9,256.22,4.2,1,0.1,26,Yes,No
54,CUST-10054,2024-08-23,Alexandria,Mobile App,Silver,43,204191.0,705.57,9,87.61,3.2,1,0.18,17,Yes,No
55,CUST-10055,2023-11-12,Asyut,Web,Bronze,53,141813.0,3837.68,6,735.4,,0,0.29,13,Yes,Yes
56,CUST-10056,2023-01-14,Alexandria,Call Center,Bronze,53,157678.0,3285.9,6,624.54,1.8,3,0.05,11,Yes,No
57,CUST-10057,2023-08-30,,Web,Bronze,43,307705.0,4675.1,4,1298.37,3.5,7,0.42,8,Yes,No
58,CUST-10058,2025-02-15,Alexandria,Branch,Platinum,29,127467.0,3404.53,5,,2.5,2,0.26,16,Yes,No
59,CUST-10059,2023-12-12,Mansoura,Mobile App,Gold,21,190031.0,1183.31,6,221.82,3.4,4,0.2,12,Yes,Yes
60,CUST-10060,2024-07-18,Cairo,Web,Bronze,20,187375.0,2801.78,4,709.83,3.0,2,0.22,12,Yes,No
61,CUST-10061,2023-12-06,,Mobile App,Bronze,18,159801.0,18500.0,4,282.01,2.8,1,0.17,12,Yes,No
62,CUST-10062,2023-04-02,Alexandria,Branch,Gold,43,213436.0,3620.23,7,508.27,4.7,0,0.21,17,Yes,No
63,CUST-10063,2024-01-02,Giza,Mobile App,Bronze,34,218332.0,1208.97,3,474.27,,2,0.26,11,Yes,Yes
64,CUST-10064,2024-03-30,Giza,Web,Bronze,45,119822.0,1165.76,9,149.62,2.7,0,0.13,18,Yes,No
65,CUST-10065,2024-03-03,Cairo,Mobile App,Platinum,51,186588.0,751.17,1,631.66,3.0,0,0.2,17,No,No
66,CUST-10066,2024-05-23,Cairo,Mobile App,Bronze,36,109646.0,1760.46,9,214.71,3.2,3,0.02,27,Yes,No
67,CUST-10067,2025-02-14,Cairo,Mobile App,Silver,37,231256.0,1579.47,11,161.15,2.8,1,0.46,12,Yes,No
68,CUST-10068,2023-02-04,Asyut,Mobile App,Platinum,30,191472.0,1064.52,5,193.43,3.3,4,0.29,12,Yes,No
69,CUST-10069,2023-07-25,Mansoura,Web,Bronze,31,185351.0,3990.83,4,986.38,3.9,3,0.39,18,No,No
70,CUST-10070,2023-03-22,Giza,Web,Bronze,43,,2676.89,6,483.8,4.2,3,0.17,3,Yes,No
71,CUST-10071,2024-07-15,Asyut,Mobile App,Bronze,33,162092.0,2571.01,6,418.05,4.2,0,0.02,12,Yes,No
72,CUST-10072,2024-01-23,Alexandria,Web,Gold,31,239411.0,3630.25,7,438.28,1.9,2,0.07,14,Yes,No
73,CUST-10073,2023-01-02,Giza,Web,Gold,35,118351.0,2430.63,10,263.08,3.9,2,0.43,15,Yes,Yes
74,CUST-10074,2024-01-25,Giza,Branch,Gold,45,271772.0,1526.19,6,296.25,,2,0.09,16,Yes,No
75,CUST-10075,2024-07-19,Cairo,Mobile App,Bronze,27,144191.0,669.81,8,88.83,3.0,2,0.7,21,Yes,No
76,CUST-10076,2023-04-16,Giza,Mobile App,Gold,34,69748.0,1475.45,7,233.86,5.0,2,0.38,14,No,No
77,CUST-10077,2025-02-10,Alexandria,Call Center,Gold,38,158645.0,3554.87,9,372.61,4.6,3,0.09,10,Yes,No
78,CUST-10078,2024-04-21,Alexandria,Mobile App,Silver,48,151272.0,1070.2,4,,3.4,1,0.15,13,Yes,Yes
79,CUST-10079,2024-12-03,Cairo,Call Center,Platinum,32,158155.0,2517.81,5,532.32,3.1,2,0.1,18,Yes,No
80,CUST-10080,2024-02-06,Asyut,Mobile App,Gold,27,195057.0,3130.53,5,582.97,5.0,2,0.16,15,Yes,Yes
81,CUST-10081,2024-12-30,Mansoura,Web,Silver,30,251360.0,2456.81,6,468.44,3.6,2,0.15,11,Yes,No
82,CUST-10082,2024-07-09,Cairo,Web,Silver,47,167539.0,2559.08,3,724.26,3.7,2,0.21,16,Yes,No
83,CUST-10083,2023-06-11,Asyut,Mobile App,Bronze,57,135045.0,2790.04,3,905.26,3.7,1,0.15,18,Yes,No
84,CUST-10084,2023-07-21,Asyut,Mobile App,Bronze,21,106774.0,2541.35,6,406.06,5.0,0,0.08,13,Yes,No
85,CUST-10085,2023-09-27,Asyut,Web,Silver,23,149568.0,3648.17,7,612.49,,2,0.25,16,Yes,No
86,CUST-10086,2023-09-28,Cairo,Web,Bronze,33,57291.0,1263.74,6,181.4,3.6,0,0.18,14,Yes,No
87,CUST-10087,2024-03-31,Mansoura,Web,Gold,36,132866.0,2416.38,8,242.83,2.9,2,0.37,12,Yes,Yes
88,CUST-10088,2024-04-06,Alexandria,Web,Platinum,44,260864.0,563.58,7,72.08,3.2,2,0.34,12,No,No
89,CUST-10089,2024-12-27,Cairo,Mobile App,Gold,25,126482.0,333.63,8,50.0,2.7,1,0.07,8,Yes,No
90,CUST-10090,2023-09-09,Asyut,Web,Bronze,23,220867.0,2126.5,4,469.81,2.9,3,0.17,14,Yes,Yes
91,CUST-10091,2024-12-02,Alexandria,Mobile App,Bronze,37,100279.0,2689.04,1,2410.33,2.0,1,0.06,11,No,Yes
92,CUST-10092,2023-10-23,Mansoura,Mobile App,Bronze,32,295121.0,3667.6,3,1041.55,4.4,0,0.06,16,Yes,No
93,CUST-10093,2024-12-25,Asyut,Mobile App,Silver,45,299444.0,4377.81,7,679.3,3.7,0,0.22,17,Yes,No
94,CUST-10094,2024-12-20,Mansoura,Call Center,Gold,40,218416.0,3387.87,6,467.34,3.8,3,0.22,14,Yes,No
95,CUST-10095,2025-01-18,Giza,Web,Platinum,41,309431.0,2854.45,7,380.25,3.6,3,0.32,14,Yes,No
96,CUST-10096,2023-12-04,Cairo,Mobile App,Silver,34,203127.0,2343.97,3,713.35,3.7,0,0.3,15,Yes,No
97,CUST-10097,2023-02-22,Giza,Web,Gold,61,229954.0,821.89,10,84.0,5.0,2,0.39,18,Yes,No
98,CUST-10098,2025-03-02,Asyut,Web,Gold,26,262026.0,2068.57,11,205.38,2.9,1,0.21,17,Yes,No
99,CUST-10099,2023-08-05,Cairo,Branch,Bronze,42,191682.0,3361.34,5,681.11,3.9,2,0.13,13,Yes,No
100,CUST-10100,2025-02-02,Giza,Web,Gold,21,79095.0,3008.45,4,881.79,3.8,2,0.08,10,Yes,Yes
101,CUST-10101,2023-07-07,Cairo,Web,Bronze,23,231283.0,1042.3,2,615.26,4.6,1,0.45,15,Yes,No
102,CUST-10102,2024-01-15,Alexandria,Mobile App,Bronze,28,149329.0,2752.62,10,260.01,4.0,1,0.47,21,Yes,Yes
103,CUST-10103,2024-05-07,Asyut,Web,Silver,53,154161.0,2675.55,7,424.68,4.0,0,0.21,7,No,Yes
104,CUST-10104,2023-02-10,,Call Center,Bronze,38,199363.0,2514.9,15,183.68,2.5,1,0.18,13,No,No
105,CUST-10105,2023-06-06,Cairo,Web,Silver,29,216808.0,2174.93,5,503.36,2.9,1,0.38,12,Yes,Yes
106,CUST-10106,2023-01-15,Asyut,Branch,Silver,39,189759.0,2799.03,11,249.16,2.5,1,0.24,18,Yes,No
107,CUST-10107,2023-03-06,Alexandria,Mobile App,Silver,35,221322.0,2827.58,4,715.51,1.4,0,0.28,12,Yes,No
108,CUST-10108,2024-06-04,Giza,Mobile App,Bronze,30,134054.0,1622.69,3,522.67,4.0,2,0.17,8,Yes,Yes
109,CUST-10109,2023-12-10,Mansoura,Branch,Silver,20,177224.0,2609.51,7,425.03,3.4,1,0.16,14,No,No
110,CUST-10110,2023-05-09,Giza,Web,Silver,51,235191.0,2029.54,6,301.69,4.0,1,0.04,14,No,No
111,CUST-10111,2024-10-09,Giza,Branch,Silver,37,295231.0,861.49,6,128.63,,1,0.36,8,Yes,No
112,CUST-10112,2024-04-16,Mansoura,Web,Silver,59,318218.0,1694.55,7,229.74,3.8,2,0.04,18,Yes,No
113,CUST-10113,2023-03-04,Cairo,Mobile App,Bronze,45,208143.0,792.68,9,78.58,4.8,3,0.14,7,Yes,Yes
114,CUST-10114,2023-05-19,Giza,Web,Silver,41,,3082.08,8,394.66,3.6,2,0.07,10,Yes,No
115,CUST-10115,2024-05-13,Giza,Mobile App,Bronze,30,308803.0,2520.3,9,239.09,4.2,2,0.42,21,No,No
116,CUST-10116,2024-08-15,Cairo,Web,Silver,23,136396.0,1880.06,5,348.97,3.3,2,0.18,16,Yes,Yes
117,CUST-10117,2024-01-27,Giza,Call Center,Gold,33,220930.0,3478.47,10,405.37,,0,0.43,9,Yes,No
118,CUST-10118,2024-11-05,Alexandria,Call Center,Silver,23,229942.0,2261.19,6,363.18,2.5,1,0.3,11,Yes,No
119,CUST-10119,2024-02-23,Mansoura,Branch,Silver,42,274111.0,911.9,6,167.07,1.9,1,0.25,11,Yes,Yes
120,CUST-10120,2023-10-16,Cairo,Web,Platinum,53,,1804.47,12,127.12,5.0,1,0.25,18,Yes,No
121,CUST-10121,2024-01-14,Mansoura,Mobile App,Gold,32,,3669.57,2,1649.52,5.0,2,0.07,9,Yes,No
122,CUST-10122,2025-02-11,Mansoura,Mobile App,Gold,45,181390.0,1597.47,5,,1.8,0,0.2,10,No,Yes
123,CUST-10123,2024-05-04,Alexandria,Web,Gold,27,204552.0,2447.7,6,450.87,3.6,3,0.27,16,No,No
124,CUST-10124,2023-08-19,Cairo,Web,Bronze,32,252986.0,2869.49,14,195.63,3.7,1,0.2,13,Yes,No
125,CUST-10125,2023-02-10,Giza,Web,Bronze,26,213640.0,2730.95,7,461.05,4.3,2,0.4,21,Yes,No
126,CUST-10126,2023-01-28,Giza,Mobile App,Silver,18,170158.0,4404.51,11,466.18,5.0,1,0.33,13,No,No
127,CUST-10127,2023-05-15,,Mobile App,Bronze,35,207070.0,1141.33,17,79.55,2.6,2,0.18,13,Yes,No
128,CUST-10128,2023-07-20,,Mobile App,Silver,36,199568.0,1231.18,11,108.7,2.7,1,0.21,9,Yes,No
129,CUST-10129,2025-02-18,Giza,Web,Bronze,47,293426.0,1156.22,6,169.38,3.6,2,0.35,14,Yes,No
130,CUST-10130,2023-02-02,Mansoura,Mobile App,Silver,44,190768.0,1933.67,7,290.23,2.7,3,0.02,18,No,No
131,CUST-10131,2023-02-17,Asyut,Web,Gold,44,155100.0,3189.44,7,489.31,1.2,0,0.22,22,Yes,Yes
132,CUST-10132,2024-05-17,Alexandria,Branch,Silver,24,209225.0,1271.44,6,180.16,3.4,2,0.23,10,Yes,No
133,CUST-10133,2024-02-11,Giza,Web,Silver,40,192902.0,3202.02,7,509.85,4.4,1,0.48,11,No,Yes
134,CUST-10134,2024-07-27,Cairo,Web,Gold,52,77885.0,2231.61,6,300.24,3.6,2,0.13,16,Yes,No
135,CUST-10135,2024-12-28,Asyut,Mobile App,Silver,39,178983.0,1201.9,7,170.51,4.2,0,0.19,13,Yes,Yes
136,CUST-10136,2023-04-09,Asyut,Call Center,Gold,55,173452.0,623.77,12,50.0,4.0,0,0.07,25,Yes,Yes
137,CUST-10137,2024-11-14,Cairo,Branch,Bronze,57,144648.0,825.19,3,301.5,2.7,1,0.41,13,Yes,No
138,CUST-10138,2024-12-26,Alexandria,Mobile App,Platinum,32,247313.0,1600.73,7,211.55,3.7,0,0.05,21,Yes,No
139,CUST-10139,2024-06-30,Cairo,Mobile App,Silver,27,128931.0,2047.76,3,,2.2,0,0.09,10,Yes,No
140,CUST-10140,2025-01-08,Cairo,Mobile App,Bronze,27,209615.0,3411.46,8,442.63,3.1,2,0.14,13,Yes,Yes
141,CUST-10141,2024-09-04,Cairo,Web,Bronze,18,170389.0,2919.18,6,543.73,3.6,2,0.09,17,Yes,No
142,CUST-10142,2024-04-06,Cairo,Branch,Silver,29,187000.0,1444.95,10,172.78,3.6,3,0.33,17,Yes,Yes
143,CUST-10143,2024-10-04,Asyut,Mobile App,Bronze,48,206766.0,2567.8,7,393.12,2.4,0,0.11,15,No,No
144,CUST-10144,2025-02-07,Alexandria,Mobile App,Bronze,18,95008.0,3686.39,6,733.58,2.6,2,0.24,18,Yes,No
145,CUST-10145,2023-01-05,Giza,Mobile App,Silver,24,192458.0,3886.53,7,450.58,3.9,4,0.29,7,No,No
146,CUST-10146,2023-08-06,Mansoura,Mobile App,Silver,34,328782.0,1917.03,10,179.29,4.3,0,0.16,20,No,No
147,CUST-10147,2024-05-17,Asyut,Mobile App,Silver,25,,3062.46,7,368.87,3.4,0,0.17,18,Yes,No
148,CUST-10148,2025-02-05,Asyut,Branch,Platinum,29,176255.0,3450.96,6,520.47,3.4,1,0.21,15,Yes,No
149,CUST-10149,2024-02-02,Cairo,Branch,Silver,29,253011.0,843.64,4,239.5,4.4,1,0.28,11,Yes,No
150,CUST-10150,2025-03-05,Giza,Mobile App,Silver,32,199605.0,1738.83,6,235.59,,2,0.17,16,Yes,No
151,CUST-10151,2024-01-28,Cairo,Mobile App,Bronze,27,224718.0,4198.02,7,604.56,5.0,1,0.44,14,Yes,No
152,CUST-10152,2023-07-26,Giza,Web,Silver,26,35000.0,1929.07,8,247.61,2.4,1,0.23,9,Yes,No
153,CUST-10153,2023-01-15,Cairo,Mobile App,Bronze,45,218886.0,120.0,3,50.0,4.5,1,0.01,17,Yes,Yes
154,CUST-10154,2024-07-07,Alexandria,Web,Platinum,47,130490.0,2091.13,8,258.81,4.1,3,0.3,11,No,Yes
155,CUST-10155,2024-04-05,Giza,Mobile App,Gold,20,200142.0,3212.16,9,398.39,5.0,2,0.07,13,Yes,No
156,CUST-10156,2024-11-21,Cairo,Branch,Silver,18,178087.0,2205.86,7,268.93,2.6,3,0.19,13,Yes,Yes
157,CUST-10157,2024-07-28,Cairo,Mobile App,Bronze,47,328092.0,2843.83,11,238.94,1.5,1,0.18,16,No,No
158,CUST-10158,2025-01-12,Giza,Mobile App,Gold,21,215535.0,3044.4,7,455.05,4.7,0,0.12,12,No,Yes
159,CUST-10159,2023-08-29,Cairo,Web,Gold,37,172679.0,1880.56,3,674.73,2.3,3,0.55,15,Yes,Yes
160,CUST-10160,2024-07-17,Giza,Web,Bronze,18,81870.0,1732.55,4,416.53,4.2,0,0.27,13,Yes,No
161,CUST-10161,2023-04-06,Cairo,Mobile App,Bronze,49,187875.0,2338.1,8,336.14,4.7,1,0.14,16,Yes,No
162,CUST-10162,2025-01-03,Cairo,Web,Gold,63,233510.0,2360.0,6,380.04,3.9,1,0.37,21,No,No
163,CUST-10163,2024-04-29,Giza,Web,Bronze,37,174764.0,2248.67,8,270.15,3.8,0,0.15,20,Yes,No
164,CUST-10164,2024-02-11,Alexandria,Web,Gold,34,147132.0,2285.64,8,232.7,4.0,1,0.16,11,Yes,No
165,CUST-10165,2023-08-19,Cairo,Mobile App,Silver,31,142782.0,1526.31,10,155.75,4.4,2,0.19,15,No,No
166,CUST-10166,2025-01-18,Cairo,Mobile App,Bronze,44,214784.0,2875.26,4,778.82,4.1,2,0.07,10,Yes,No
167,CUST-10167,2024-10-16,Cairo,Web,Gold,41,229360.0,2739.31,8,289.6,2.5,2,0.24,16,No,No
168,CUST-10168,2023-06-20,Asyut,Mobile App,Bronze,46,268479.0,997.59,7,131.42,5.0,1,0.44,8,Yes,No
169,CUST-10169,2024-06-24,Giza,Mobile App,Silver,28,,1849.75,6,342.98,3.6,4,0.24,16,Yes,Yes
170,CUST-10170,2023-02-05,Alexandria,Mobile App,Bronze,39,214189.0,2283.77,9,240.14,4.1,2,0.34,18,Yes,Yes
171,CUST-10171,2024-06-08,Asyut,Mobile App,Bronze,29,172089.0,1719.12,6,256.91,4.2,2,0.25,11,No,Yes
172,CUST-10172,2023-06-09,Cairo,Web,Silver,23,174005.0,2773.63,8,370.59,4.6,2,0.47,13,Yes,No
173,CUST-10173,,Asyut,Mobile App,Silver,35,206119.0,2139.81,5,376.05,4.5,1,0.24,16,Yes,No
174,CUST-10174,2023-08-31,Alexandria,Mobile App,Silver,25,206498.0,2352.17,9,302.71,3.7,2,0.19,15,Yes,No
175,CUST-10175,2023-03-27,Cairo,Branch,Gold,48,214370.0,1839.36,11,140.83,3.7,1,0.23,17,No,No
176,CUST-10176,2025-03-06,Giza,Mobile App,Silver,26,,406.1,4,109.91,4.0,2,0.12,19,No,No
177,CUST-10177,2024-07-31,Mansoura,Web,Bronze,39,131262.0,354.69,8,50.0,4.6,0,0.11,18,Yes,No
178,CUST-10178,2024-11-12,Giza,Web,Bronze,28,276581.0,2730.65,4,783.68,2.6,0,0.18,12,Yes,No
179,CUST-10179,2024-07-10,Asyut,Mobile App,Gold,38,165663.0,2440.22,3,691.78,4.2,1,0.25,16,No,No
180,CUST-10180,2024-07-27,Giza,Call Center,Gold,29,199891.0,2594.8,4,694.86,2.8,2,0.35,14,Yes,No
181,CUST-10181,2024-10-07,Mansoura,Mobile App,Silver,21,248553.0,2321.03,7,341.13,5.0,2,0.32,16,Yes,Yes
182,CUST-10182,2025-03-06,Giza,Mobile App,Bronze,40,210124.0,2393.11,2,,3.9,2,0.17,17,Yes,No
183,CUST-10183,2023-01-28,Mansoura,Mobile App,Bronze,32,215524.0,3072.12,8,382.7,3.2,1,0.52,13,Yes,No
184,CUST-10184,2024-09-11,Alexandria,Mobile App,Gold,38,238148.0,2600.16,9,314.56,4.0,0,0.07,21,Yes,No
185,CUST-10185,2024-07-09,Cairo,Web,Gold,30,42417.0,3136.82,12,307.17,3.6,1,0.1,15,No,No
186,CUST-10186,2023-12-06,Cairo,Call Center,Silver,20,148153.0,2354.32,3,656.46,3.5,2,0.38,12,No,Yes
187,CUST-10187,2025-03-08,Cairo,Web,Gold,47,210459.0,1929.66,13,119.91,2.0,1,0.21,13,Yes,Yes
188,CUST-10188,2023-11-27,Cairo,Mobile App,Gold,43,270197.0,2374.78,7,380.74,2.7,1,0.13,15,Yes,No
189,CUST-10189,2024-10-01,Cairo,Branch,Bronze,29,184296.0,1447.44,3,406.86,3.5,1,0.23,13,Yes,No
190,CUST-10190,2024-05-20,Alexandria,Web,Silver,36,125093.0,1858.14,3,739.96,2.1,2,0.34,16,Yes,Yes
191,CUST-10191,2023-12-14,Alexandria,Web,Bronze,46,126824.0,2359.81,4,618.12,3.1,4,0.1,20,Yes,No
192,CUST-10192,2024-04-17,Mansoura,Web,Bronze,30,237451.0,2347.89,4,622.39,3.2,0,0.32,22,Yes,No
193,CUST-10193,2023-08-19,Asyut,Branch,Gold,32,165845.0,2104.22,5,370.16,2.9,2,0.29,17,Yes,No
194,CUST-10194,2023-07-09,Alexandria,Web,Silver,38,179532.0,950.63,5,170.38,,2,0.32,10,Yes,No
195,CUST-10195,2023-08-13,Mansoura,Web,Silver,30,,2772.77,7,421.36,2.8,3,0.23,17,Yes,Yes
196,CUST-10196,2024-01-20,Mansoura,Web,Bronze,44,35000.0,2950.81,8,429.3,3.7,4,0.43,16,Yes,No
197,CUST-10197,2024-01-12,Giza,Web,Bronze,33,310024.0,3679.32,8,548.66,3.3,4,0.43,12,Yes,No
198,CUST-10198,2023-10-10,Cairo,Web,Bronze,26,132480.0,2597.6,3,761.28,3.5,2,0.37,17,Yes,No
199,CUST-10199,2024-09-24,Cairo,Mobile App,Bronze,42,195726.0,2201.32,6,313.19,,1,0.14,16,No,No
200,CUST-10200,2024-09-19,Cairo,Mobile App,Silver,22,69195.0,1288.27,7,151.38,3.8,1,0.29,17,No,Yes
201,CUST-10201,2025-01-14,Cairo,Web,Bronze,57,152535.0,3542.82,4,1016.18,3.9,3,0.32,10,Yes,No
202,CUST-10202,2023-09-16,Cairo,Web,Silver,52,260905.0,2423.05,9,247.12,2.9,3,0.37,15,Yes,No
203,CUST-10203,2023-12-25,Asyut,Web,Bronze,41,55449.0,2374.04,5,380.19,4.2,6,0.52,20,No,No
204,CUST-10204,2024-12-10,Mansoura,Web,Bronze,40,253203.0,1971.35,4,438.39,4.1,2,0.25,85,Yes,No
205,CUST-10205,2024-03-31,Cairo,Mobile App,Bronze,39,,1913.83,8,,4.0,1,0.11,13,Yes,No
206,CUST-10206,2024-02-15,Cairo,Mobile App,Silver,30,211666.0,2819.44,4,843.29,2.5,0,0.07,12,Yes,No
207,CUST-10207,2024-10-10,Cairo,Web,Silver,38,222739.0,1280.7,7,184.68,3.1,2,0.37,13,Yes,No
208,CUST-10208,2023-11-14,Giza,Mobile App,Silver,25,208692.0,3662.89,9,358.92,4.9,3,0.16,10,Yes,No
209,CUST-10209,2024-11-07,Giza,Web,Silver,41,123778.0,3466.77,6,539.62,3.0,1,0.23,15,No,Yes
210,CUST-10210,2023-08-13,Mansoura,Call Center,Gold,45,156304.0,1881.34,7,250.52,5.0,0,0.45,13,Yes,No
211,CUST-10211,2023-08-22,Giza,Mobile App,Bronze,31,84999.0,1422.52,5,229.85,3.1,2,0.04,16,Yes,No
212,CUST-10212,,Mansoura,Mobile App,Bronze,28,211967.0,386.31,7,50.0,3.7,2,0.3,11,No,No
213,CUST-10213,2024-10-25,Asyut,Web,Gold,22,290634.0,1073.73,7,165.37,3.4,1,0.65,15,Yes,No
214,CUST-10214,2024-01-09,Cairo,Branch,Silver,51,61411.0,2856.92,6,403.83,,3,0.12,16,Yes,No
215,CUST-10215,2024-11-02,Mansoura,Web,Bronze,29,130493.0,2483.81,8,,2.9,0,0.33,14,Yes,No
216,CUST-10216,2024-08-30,Alexandria,Web,Gold,33,168185.0,2644.29,8,310.8,3.0,1,0.62,15,Yes,Yes
217,CUST-10217,2024-04-16,Giza,Web,Gold,38,191267.0,538.98,10,59.45,3.7,2,0.16,7,Yes,No
218,CUST-10218,2023-08-21,Giza,Web,Bronze,38,237146.0,1843.77,8,238.07,4.4,2,0.06,12,Yes,No
219,CUST-10219,2024-11-22,Mansoura,Branch,Silver,43,170107.0,3430.55,2,1844.95,3.7,0,0.25,10,No,No
220,CUST-10220,2023-04-23,Alexandria,Mobile App,Silver,31,159463.0,2113.58,9,241.14,3.6,1,0.21,6,Yes,No
221,CUST-10221,,Mansoura,Web,Bronze,22,251703.0,1054.93,10,113.24,4.7,1,0.04,14,Yes,No
222,CUST-10222,2024-03-17,Asyut,Mobile App,Bronze,21,223030.0,2099.56,10,168.2,,6,0.2,13,No,No
223,CUST-10223,2024-07-17,Alexandria,Branch,Bronze,29,215034.0,1506.08,5,353.13,3.1,0,0.13,15,Yes,Yes
224,CUST-10224,2023-09-25,Asyut,Branch,Silver,25,187314.0,2500.31,9,234.58,2.7,1,0.28,18,Yes,No
225,CUST-10225,2024-05-24,,Mobile App,Silver,32,243905.0,2218.49,5,427.06,4.7,1,0.21,15,Yes,No
226,CUST-10226,2024-01-21,Alexandria,Branch,Gold,49,137340.0,2688.97,11,270.95,3.3,1,0.36,10,No,No
227,CUST-10227,2024-01-22,Alexandria,Branch,Silver,31,,1103.87,8,134.41,3.1,1,0.39,11,Yes,Yes
228,CUST-10228,2023-04-23,Giza,Mobile App,Bronze,31,,1796.16,11,192.47,3.0,2,0.12,22,No,No
229,CUST-10229,2024-09-04,Mansoura,Web,Silver,35,74373.0,3181.39,6,523.36,4.7,2,0.43,16,Yes,No
230,CUST-10230,2024-09-16,Alexandria,Web,Bronze,31,185992.0,981.15,7,161.19,3.1,0,0.37,19,Yes,Yes
231,CUST-10231,2023-03-22,Giza,Call Center,Silver,34,159424.0,1297.2,5,291.7,4.5,2,0.23,13,Yes,No
232,CUST-10232,2024-11-29,Asyut,Web,Silver,41,88626.0,2379.37,3,945.71,3.4,0,0.21,16,Yes,Yes
233,CUST-10233,2023-04-23,Cairo,Call Center,Bronze,45,119468.0,2458.06,10,287.74,2.5,1,0.24,14,No,No
234,CUST-10234,2023-01-02,Alexandria,Web,Silver,46,172917.0,1760.04,3,680.11,3.3,3,0.23,16,Yes,No
235,CUST-10235,2024-10-03,Alexandria,Web,Bronze,58,247208.0,1949.41,7,304.29,3.6,3,0.2,16,Yes,No
236,CUST-10236,2023-08-08,Mansoura,Web,Bronze,41,137558.0,2679.9,8,317.17,3.5,2,0.35,10,Yes,No
237,CUST-10237,2024-07-19,Giza,Web,Bronze,60,258870.0,2964.67,6,416.26,3.5,3,0.19,10,Yes,No
238,CUST-10238,2025-01-05,Mansoura,Branch,Bronze,26,184107.0,1237.7,7,190.16,3.3,5,0.31,16,No,No
239,CUST-10239,2023-08-13,Mansoura,Call Center,Platinum,58,265175.0,2527.89,4,752.97,2.9,3,0.15,6,Yes,No
240,CUST-10240,2024-01-20,Cairo,Call Center,Silver,31,140708.0,3560.81,2,1941.79,3.6,0,0.24,19,No,No
241,CUST-10241,2024-02-07,Cairo,Mobile App,Bronze,32,176827.0,2095.7,5,491.02,4.1,0,0.15,13,Yes,No
242,CUST-10242,2024-09-29,Alexandria,Web,Silver,34,203951.0,1228.14,3,459.21,2.3,2,0.15,91,Yes,No
243,CUST-10243,2023-05-10,Giza,Mobile App,Bronze,33,168332.0,1186.52,8,,4.8,3,0.11,16,Yes,No
244,CUST-10244,2023-02-22,Cairo,Mobile App,Platinum,36,241947.0,2055.34,6,308.19,1.0,1,0.23,21,Yes,Yes
245,CUST-10245,2024-11-14,Alexandria,Mobile App,Silver,29,36508.0,3132.26,4,733.53,3.7,2,0.23,12,Yes,Yes
246,CUST-10246,2024-12-30,Giza,Web,Gold,44,337456.0,2163.32,7,268.04,,2,0.1,16,Yes,No
247,CUST-10247,2024-11-02,Alexandria,Mobile App,Bronze,29,235755.0,2370.31,8,305.97,3.1,3,0.15,20,Yes,No
248,CUST-10248,2024-12-10,Giza,Mobile App,Bronze,42,168720.0,1303.29,2,775.58,1.7,0,0.09,9,Yes,No
249,CUST-10249,2024-02-20,Alexandria,Branch,Silver,52,144099.0,3084.81,8,425.93,3.5,1,0.16,15,Yes,No
250,CUST-10250,2023-09-04,Giza,Branch,Gold,31,123683.0,1168.91,6,188.85,3.8,1,0.21,13,Yes,No
251,CUST-10251,2024-03-14,Alexandria,Mobile App,Bronze,44,221965.0,1745.95,6,233.32,2.6,1,0.22,17,Yes,No
252,CUST-10252,2023-07-22,Cairo,Mobile App,Bronze,41,244674.0,2766.92,5,512.05,2.9,0,0.28,14,No,Yes
253,CUST-10253,2023-07-03,Alexandria,Mobile App,Platinum,60,169436.0,364.51,7,52.63,4.5,2,0.18,23,No,No
254,CUST-10254,2023-05-03,Giza,Web,Silver,29,251954.0,2356.57,3,730.3,3.7,0,0.16,13,Yes,Yes
255,CUST-10255,2024-02-05,Asyut,Branch,Bronze,44,121028.0,1264.83,10,106.8,2.2,0,0.02,15,Yes,No
256,CUST-10256,2025-02-05,Giza,Call Center,Bronze,18,109552.0,2214.89,4,541.05,4.0,2,0.34,16,Yes,Yes
257,CUST-10257,2023-10-21,Asyut,Mobile App,Platinum,30,297867.0,1883.15,8,212.16,2.8,4,0.28,15,Yes,No
258,CUST-10258,2023-10-07,Alexandria,Web,Bronze,39,218422.0,4095.25,10,476.56,2.9,0,0.18,13,No,No
259,CUST-10259,2024-09-01,Cairo,Web,Gold,50,270795.0,1846.19,5,310.42,,2,0.26,13,Yes,No
260,CUST-10260,,Mansoura,Mobile App,Gold,22,124494.0,3858.39,5,632.51,3.7,1,0.35,10,Yes,No
261,CUST-10261,2024-05-25,Giza,Web,Bronze,44,119971.0,2728.26,6,364.73,3.2,1,0.31,26,Yes,No
262,CUST-10262,2025-01-21,Giza,Call Center,Silver,34,156690.0,1478.69,3,459.0,3.1,1,0.27,9,No,No
263,CUST-10263,2023-05-24,Cairo,Web,Bronze,18,126436.0,2497.73,7,379.71,3.4,0,0.51,16,No,No
264,CUST-10264,2024-08-31,Alexandria,Web,Bronze,37,225849.0,1926.03,9,233.73,2.9,1,0.17,12,Yes,No
265,CUST-10265,2023-07-20,Alexandria,Branch,Gold,54,131177.0,2417.94,6,395.46,4.6,0,0.3,16,Yes,No
266,CUST-10266,2023-05-04,Giza,Mobile App,Gold,23,103841.0,1557.5,6,278.72,2.2,0,0.3,9,No,Yes
267,CUST-10267,2023-07-06,Asyut,Web,Silver,34,189231.0,3721.16,5,,3.4,3,0.41,10,No,Yes
268,CUST-10268,2023-11-22,Cairo,Web,Silver,24,96151.0,3032.86,3,1078.81,2.3,1,0.11,19,Yes,Yes
269,CUST-10269,2024-04-08,Giza,Web,Bronze,30,63035.0,2228.6,7,259.87,4.4,6,0.3,11,Yes,No
270,CUST-10270,2023-12-15,Giza,Mobile App,Bronze,51,188662.0,3756.2,6,598.68,,2,0.36,19,No,No
271,CUST-10271,2025-02-09,Cairo,Web,Bronze,32,66301.0,2266.85,7,361.51,2.6,0,0.23,12,Yes,Yes
272,CUST-10272,2024-10-21,Giza,Mobile App,Bronze,50,230393.0,3187.86,6,595.71,4.2,1,0.27,9,Yes,No
273,CUST-10273,2025-02-02,Alexandria,Branch,Bronze,47,89303.0,2234.47,4,606.92,1.5,2,0.08,19,Yes,Yes
274,CUST-10274,2024-02-07,Giza,Web,Bronze,31,35000.0,2554.5,8,281.54,3.9,0,0.47,16,Yes,Yes
275,CUST-10275,2023-12-12,Cairo,Branch,Bronze,29,160903.0,2126.71,10,191.17,4.6,2,0.16,13,Yes,No
276,CUST-10276,2024-05-25,Giza,Branch,Bronze,25,189399.0,2285.77,8,342.42,3.8,4,0.4,20,Yes,Yes
277,CUST-10277,2023-05-27,Cairo,Web,Silver,25,211946.0,2353.48,8,247.51,3.1,2,0.27,15,Yes,No
278,CUST-10278,2023-05-28,Asyut,Branch,Gold,39,191181.0,1597.24,5,278.64,2.5,1,0.28,11,Yes,No
279,CUST-10279,2024-12-11,Giza,Mobile App,Bronze,35,,1839.04,10,156.69,4.6,0,0.22,16,Yes,No
280,CUST-10280,2024-05-03,Alexandria,Branch,Platinum,28,226349.0,2004.92,6,311.12,4.4,6,0.32,13,Yes,No
281,CUST-10281,2024-10-01,Asyut,Mobile App,Gold,18,242409.0,2406.74,9,236.41,3.0,1,0.14,13,Yes,No
282,CUST-10282,2024-07-04,Alexandria,Mobile App,Bronze,36,101625.0,2172.48,4,542.62,3.0,1,0.57,12,No,No
283,CUST-10283,2023-12-04,Asyut,Mobile App,Gold,30,168235.0,3255.73,6,537.42,4.7,4,0.11,14,Yes,Yes
284,CUST-10284,2024-10-02,Cairo,Call Center,Silver,33,162161.0,2962.41,7,491.17,4.1,1,0.5,25,Yes,No
285,CUST-10285,2025-02-17,Mansoura,Mobile App,Silver,38,194325.0,2023.31,13,126.67,2.0,2,0.12,19,Yes,Yes
286,CUST-10286,2024-04-17,Alexandria,Mobile App,Bronze,18,166680.0,3443.61,6,532.58,,2,0.52,15,Yes,Yes
287,CUST-10287,2023-05-31,Giza,Call Center,Silver,18,175588.0,3885.72,7,576.56,3.4,1,0.01,15,No,No
288,CUST-10288,2024-02-19,Cairo,Web,Bronze,60,221718.0,360.56,11,50.0,3.8,3,0.24,13,Yes,No
289,CUST-10289,2023-10-25,Cairo,Web,Silver,29,,3039.06,6,502.48,3.6,3,0.22,19,Yes,Yes
290,CUST-10290,2024-09-02,,Web,Silver,18,227929.0,1576.31,5,355.07,3.1,2,0.38,10,Yes,Yes
291,CUST-10291,2023-09-20,Alexandria,Web,Silver,19,254174.0,2920.67,5,481.96,3.8,0,0.04,10,Yes,Yes
292,CUST-10292,2025-02-02,Mansoura,Web,Silver,62,286219.0,3314.41,8,466.58,3.2,1,0.05,14,Yes,No
293,CUST-10293,2023-05-24,Mansoura,Branch,Gold,27,40681.0,1410.71,9,156.42,5.0,2,0.38,18,Yes,No
294,CUST-10294,2023-12-12,Cairo,Web,Bronze,48,168111.0,532.91,8,56.85,3.7,4,0.17,9,Yes,Yes
295,CUST-10295,2024-09-15,Asyut,Mobile App,Bronze,36,52268.0,2951.89,8,425.91,3.6,3,0.29,14,Yes,No
296,CUST-10296,2024-07-25,Giza,Web,Gold,30,35000.0,2321.86,8,307.56,5.0,2,0.32,6,Yes,No
297,CUST-10297,2023-01-02,Giza,Branch,Bronze,44,189366.0,698.41,7,86.34,2.4,4,0.23,12,Yes,No
298,CUST-10298,,Cairo,Mobile App,Bronze,18,154055.0,4476.61,4,910.39,3.5,0,0.43,13,Yes,No
299,CUST-10299,2023-09-11,Mansoura,Mobile App,Bronze,19,199490.0,2761.98,6,394.25,2.7,0,0.41,14,No,No
300,CUST-10300,2024-10-13,Cairo,Call Center,Bronze,30,211598.0,2803.09,2,1462.54,4.2,2,0.63,19,Yes,No
301,CUST-10301,2024-03-28,Alexandria,Web,Platinum,20,261113.0,3429.24,3,,3.2,2,0.32,15,Yes,No
302,CUST-10302,2023-02-06,Mansoura,Call Center,Silver,29,183505.0,1677.26,3,497.76,4.1,2,0.33,14,Yes,Yes
303,CUST-10303,2023-06-09,Cairo,Web,Platinum,44,370018.0,2317.41,4,469.31,4.1,0,0.23,12,Yes,No
304,CUST-10304,2023-01-09,Alexandria,Branch,Silver,36,199917.0,1012.61,13,84.84,4.3,2,0.2,17,Yes,No
305,CUST-10305,2023-08-21,Cairo,Web,Silver,50,299761.0,1652.85,5,371.61,4.1,4,0.4,19,Yes,Yes
306,CUST-10306,2023-04-09,Giza,Mobile App,Bronze,37,35000.0,2547.09,6,474.92,3.4,5,0.16,15,Yes,Yes
307,CUST-10307,2024-10-20,Giza,Mobile App,Silver,46,267733.0,701.24,3,198.93,2.3,1,0.14,21,Yes,Yes
308,CUST-10308,,Giza,Web,Bronze,34,168251.0,1627.34,8,236.23,4.5,2,0.06,20,No,No
309,CUST-10309,2023-05-11,Alexandria,Web,Gold,29,53357.0,1364.86,6,243.15,4.9,0,0.5,12,Yes,Yes
310,CUST-10310,2024-02-08,Giza,Web,Gold,51,207335.0,2327.88,5,539.61,2.8,1,0.06,12,Yes,No
311,CUST-10311,2023-06-01,Alexandria,Web,Bronze,27,160308.0,2717.23,8,332.48,4.3,0,0.61,8,Yes,No
312,CUST-10312,2023-02-23,Mansoura,Mobile App,Platinum,39,217703.0,2867.94,10,279.56,2.5,1,0.5,19,Yes,No
313,CUST-10313,2023-04-30,,Mobile App,Gold,43,245720.0,3098.93,10,345.16,3.8,4,0.37,10,Yes,No
314,CUST-10314,2024-11-03,Alexandria,Web,Silver,44,83205.0,3434.91,3,958.7,4.0,2,0.29,13,Yes,No
315,CUST-10315,2024-09-19,Alexandria,Web,Bronze,22,245970.0,2746.52,10,276.95,3.2,3,0.24,17,No,Yes
316,CUST-10316,2024-08-09,Giza,Call Center,Silver,47,180421.0,3898.6,4,1105.79,3.7,4,0.32,15,Yes,No
317,CUST-10317,2024-09-16,Giza,Web,Silver,24,267935.0,2307.55,6,435.39,4.4,2,0.32,10,Yes,Yes
318,CUST-10318,2024-02-24,Asyut,Web,Bronze,44,166665.0,2044.01,6,402.82,3.5,0,0.16,13,Yes,No
319,CUST-10319,2024-02-26,Alexandria,Web,Bronze,41,149423.0,2746.58,7,423.49,3.0,1,0.14,13,Yes,No
320,CUST-10320,2023-04-14,Cairo,Web,Gold,44,181759.0,2005.23,7,252.98,2.5,5,0.23,16,Yes,No
321,CUST-10321,2023-09-11,Giza,Call Center,Bronze,22,186621.0,3867.31,8,390.65,3.2,1,0.34,14,Yes,No
322,CUST-10322,2023-08-15,Giza,Web,Silver,41,136919.0,3217.89,7,455.91,2.5,1,0.35,21,Yes,Yes
323,CUST-10323,2023-04-22,Asyut,Web,Platinum,47,147740.0,2875.25,10,289.1,3.3,2,0.25,12,Yes,No
324,CUST-10324,2024-05-24,Cairo,Mobile App,Gold,37,100253.0,2318.28,8,259.68,3.2,2,0.12,19,Yes,No
325,CUST-10325,2024-04-17,Cairo,Mobile App,Bronze,26,151748.0,1833.27,7,222.58,4.3,2,0.19,12,Yes,Yes
326,CUST-10326,2023-04-09,Giza,Web,Gold,45,223960.0,2831.19,12,244.07,3.7,0,0.23,16,No,No
327,CUST-10327,2023-06-02,Giza,Mobile App,Bronze,36,171072.0,1185.61,11,119.18,5.0,5,0.09,12,No,No
328,CUST-10328,2023-12-04,Mansoura,Branch,Bronze,18,245589.0,3580.93,5,857.46,1.8,2,0.18,23,No,No
329,CUST-10329,2024-12-06,Cairo,Web,Silver,25,167947.0,2040.13,6,375.15,3.9,2,0.23,8,No,No
330,CUST-10330,2023-06-12,Mansoura,Mobile App,Bronze,29,86951.0,2474.6,6,460.87,3.2,5,0.26,21,No,Yes
331,CUST-10331,2024-12-20,Cairo,Mobile App,Bronze,52,218823.0,1381.36,8,180.71,2.7,0,0.36,13,No,No
332,CUST-10332,2024-11-11,Mansoura,Mobile App,Silver,50,136214.0,2850.69,10,340.48,3.6,3,0.07,19,No,Yes
333,CUST-10333,2023-06-10,Cairo,Web,Bronze,50,164831.0,1791.63,6,315.32,3.5,0,0.25,13,Yes,Yes
334,CUST-10334,2024-08-02,Cairo,Web,Bronze,38,260442.0,2784.31,3,1061.84,4.6,2,0.27,20,Yes,No
335,CUST-10335,2024-02-02,Alexandria,Call Center,Silver,45,104543.0,2881.65,14,242.54,3.7,4,0.35,11,Yes,Yes
336,CUST-10336,2023-10-04,Asyut,Branch,Gold,22,190708.0,1617.13,13,145.78,3.0,1,0.13,12,No,No
337,CUST-10337,2024-05-18,Asyut,Mobile App,Silver,35,177366.0,1188.82,5,226.49,3.9,0,0.24,16,Yes,Yes
338,CUST-10338,2024-01-27,Alexandria,Web,Bronze,40,225560.0,3578.71,7,425.08,3.4,2,0.28,21,Yes,No
339,CUST-10339,2023-05-15,Asyut,Mobile App,Silver,23,,2026.93,8,220.11,2.6,1,0.14,11,No,No
340,CUST-10340,2023-07-14,Cairo,Mobile App,Bronze,37,197150.0,2402.36,5,395.76,3.4,5,0.28,17,Yes,No
341,CUST-10341,2024-02-05,Asyut,Web,Bronze,54,156576.0,2636.92,13,170.82,3.8,3,0.1,9,Yes,Yes
342,CUST-10342,2024-10-01,Giza,Web,Gold,41,210769.0,1071.67,5,187.3,3.7,1,0.41,10,Yes,No
343,CUST-10343,2023-02-02,Mansoura,Call Center,Bronze,45,266818.0,2616.4,11,222.74,,2,0.06,104,Yes,No
344,CUST-10344,2024-11-18,Mansoura,Web,Bronze,18,178226.0,2289.21,8,291.14,3.1,0,0.37,15,Yes,Yes
345,CUST-10345,2024-04-04,Mansoura,Call Center,Silver,52,,1620.82,2,879.03,3.9,1,0.32,19,Yes,No
346,CUST-10346,2024-04-14,Alexandria,Web,Silver,33,205231.0,1159.12,8,128.14,3.7,4,0.11,13,No,Yes
347,CUST-10347,2024-01-10,Giza,Web,Silver,27,182517.0,2745.3,9,326.08,3.7,1,0.11,14,No,No
348,CUST-10348,2023-01-22,Mansoura,Web,Bronze,33,93049.0,3214.94,11,316.15,3.6,1,0.26,18,Yes,Yes
349,CUST-10349,2025-01-19,Cairo,Mobile App,Bronze,19,195557.0,2360.73,7,345.16,5.0,4,0.21,18,No,Yes
350,CUST-10350,2024-10-31,Asyut,Branch,Bronze,47,92460.0,908.98,12,87.98,4.6,3,0.19,18,No,Yes
351,CUST-10351,2023-02-07,Mansoura,Web,Bronze,31,204341.0,1248.4,5,210.83,3.9,5,0.4,10,Yes,No
352,CUST-10352,2023-08-18,Cairo,Call Center,Silver,27,128186.0,1811.09,9,175.24,2.9,0,0.18,14,Yes,Yes
353,CUST-10353,2023-12-31,Mansoura,Mobile App,Gold,33,182397.0,3608.16,8,438.15,3.3,1,0.35,14,No,No
354,CUST-10354,2024-07-16,Alexandria,Call Center,Gold,47,205389.0,1977.92,8,210.32,5.0,3,0.57,16,Yes,No
355,CUST-10355,2024-03-13,Mansoura,Web,Gold,36,339504.0,1778.29,7,260.78,3.1,1,0.16,9,Yes,No
356,CUST-10356,2025-02-14,Mansoura,Call Center,Bronze,19,228279.0,693.86,5,133.13,3.5,3,0.34,17,Yes,No
357,CUST-10357,2023-10-10,Cairo,Mobile App,Silver,40,,1608.98,7,210.05,3.4,0,0.2,18,No,No
358,CUST-10358,2023-01-27,Giza,Web,Bronze,25,301664.0,1090.36,8,118.3,3.9,1,0.15,20,Yes,Yes
359,CUST-10359,2023-08-14,Asyut,Web,Silver,18,211802.0,1297.14,7,173.1,3.2,0,0.08,10,Yes,No
360,CUST-10360,2023-10-04,Giza,Call Center,Silver,51,198570.0,2307.96,9,267.51,3.8,2,0.26,15,Yes,No
361,CUST-10361,2025-03-08,Alexandria,Branch,Bronze,40,110663.0,1838.95,7,270.67,3.2,4,0.38,10,No,Yes
362,CUST-10362,2024-08-31,Giza,Web,Bronze,34,172419.0,3729.55,1,3227.73,4.8,1,0.03,14,Yes,No
363,CUST-10363,2023-10-11,Giza,Mobile App,Platinum,31,132999.0,3170.2,7,384.94,3.0,2,0.24,11,Yes,No
364,CUST-10364,2024-04-25,Alexandria,Branch,Bronze,50,153931.0,22000.0,3,446.41,4.5,1,0.06,14,No,No
365,CUST-10365,2024-03-28,Alexandria,Call Center,Bronze,69,301593.0,1374.86,8,138.34,3.1,1,0.18,20,Yes,No
366,CUST-10366,2024-10-20,Cairo,Branch,Bronze,40,187450.0,3444.38,6,661.28,2.8,3,0.27,12,No,No
367,CUST-10367,2024-05-30,Alexandria,Mobile App,Gold,24,,3694.04,2,1510.93,3.0,1,0.11,14,Yes,No
368,CUST-10368,2024-06-30,,Web,Silver,33,269345.0,225.18,12,50.0,2.1,0,0.32,14,No,Yes
369,CUST-10369,2023-07-11,Cairo,Web,Silver,40,,2283.57,8,327.92,4.0,1,0.07,11,Yes,No
370,CUST-10370,2023-02-18,Cairo,Web,Bronze,18,245497.0,1973.31,6,276.01,2.6,4,0.06,13,Yes,No
371,CUST-10371,2024-05-26,Cairo,Mobile App,Silver,39,49602.0,2784.21,9,301.47,3.3,3,0.06,14,Yes,Yes
372,CUST-10372,2023-01-17,Giza,Mobile App,Bronze,40,306664.0,3948.4,4,1169.64,4.3,1,0.14,17,Yes,No
373,CUST-10373,2023-06-21,Alexandria,Web,Gold,50,143697.0,1764.35,9,222.24,4.3,1,0.21,9,No,No
374,CUST-10374,2023-08-08,Giza,Call Center,Silver,48,230567.0,345.37,5,68.79,,2,0.2,4,Yes,Yes
375,CUST-10375,2023-06-07,Cairo,Mobile App,Bronze,36,344047.0,2721.11,5,601.38,3.9,0,0.42,13,Yes,No
376,CUST-10376,2024-04-21,Mansoura,Mobile App,Bronze,52,320097.0,3450.97,10,391.12,4.6,1,0.43,16,No,No
377,CUST-10377,2023-02-15,Mansoura,Mobile App,Bronze,57,116458.0,1926.62,4,452.37,3.0,3,0.38,6,Yes,Yes
378,CUST-10378,2024-01-08,,Mobile App,Bronze,35,86106.0,1565.47,10,181.1,4.1,0,0.18,11,No,Yes
379,CUST-10379,2024-06-01,Asyut,Web,Bronze,40,272973.0,1806.47,8,223.14,2.6,1,0.3,10,Yes,No
380,CUST-10380,2023-04-09,Asyut,Web,Silver,18,189234.0,2965.18,8,374.77,3.9,3,0.13,14,Yes,Yes
381,CUST-10381,2025-01-14,Cairo,Web,Silver,19,147443.0,1790.99,9,238.77,3.7,5,0.04,16,No,No
382,CUST-10382,2023-02-06,Giza,Web,Bronze,26,220379.0,2495.88,9,315.4,4.2,2,0.27,14,Yes,No
383,CUST-10383,2023-10-07,Asyut,Mobile App,Bronze,30,169413.0,2225.02,6,350.33,4.1,1,0.24,16,Yes,No
384,CUST-10384,2023-12-15,Mansoura,Mobile App,Bronze,23,225586.0,2132.16,7,,2.4,1,0.22,16,Yes,No
385,CUST-10385,2024-05-11,Cairo,Web,Gold,35,184354.0,2831.16,1,2974.05,3.7,0,0.19,10,Yes,No
386,CUST-10386,2023-10-29,Mansoura,Mobile App,Bronze,30,,1769.28,4,478.4,4.9,3,0.23,8,Yes,No
387,CUST-10387,2023-06-30,Mansoura,Web,Silver,47,121855.0,1812.47,9,213.53,1.6,1,0.16,17,Yes,No
388,CUST-10388,2024-08-29,Mansoura,Branch,Gold,30,272590.0,2917.84,13,266.45,4.5,2,0.16,13,Yes,No
389,CUST-10389,2023-04-09,Mansoura,Branch,Silver,18,225346.0,1311.77,7,214.6,5.0,2,0.55,10,Yes,No
390,CUST-10390,2024-11-30,Mansoura,Web,Gold,36,222009.0,1407.8,12,114.92,2.3,1,0.14,12,Yes,No
391,CUST-10391,2023-04-26,Cairo,Mobile App,Bronze,35,107351.0,1065.72,3,293.12,3.0,3,0.25,15,No,Yes
392,CUST-10392,2023-07-10,Cairo,Web,Platinum,26,290476.0,2964.11,6,489.29,4.1,2,0.22,7,Yes,No
393,CUST-10393,2023-09-10,Alexandria,Mobile App,Bronze,36,179108.0,2105.29,7,323.52,2.8,2,0.55,10,Yes,No
394,CUST-10394,2023-06-10,Asyut,Mobile App,Bronze,23,227323.0,1017.75,8,132.7,4.8,2,0.23,12,Yes,Yes
395,CUST-10395,2023-09-13,Giza,Web,Silver,39,159016.0,2968.43,10,301.37,4.6,0,0.37,12,Yes,No
396,CUST-10396,2023-11-19,Alexandria,Mobile App,Platinum,64,,1700.01,7,239.83,2.4,0,0.29,17,Yes,No
397,CUST-10397,2023-05-08,Alexandria,Web,Gold,18,199313.0,1415.49,7,185.53,2.9,1,0.19,22,Yes,No
398,CUST-10398,2023-01-18,Giza,Web,Bronze,29,35000.0,2023.89,11,167.6,4.3,0,0.56,16,Yes,No
399,CUST-10399,2025-03-03,Mansoura,Mobile App,Bronze,28,217859.0,3530.85,8,441.4,4.3,2,0.26,12,Yes,No
400,CUST-10400,2025-01-04,Asyut,Web,Platinum,30,307747.0,1844.53,3,531.37,5.0,4,0.04,8,Yes,No
401,CUST-10401,2024-07-19,Alexandria,Mobile App,Bronze,46,215086.0,2717.8,3,848.2,2.8,2,0.02,16,Yes,No
402,CUST-10402,2024-07-23,Alexandria,Web,Gold,41,117749.0,2854.37,8,331.68,4.9,4,0.52,20,No,No
403,CUST-10403,2023-11-19,Giza,Branch,Gold,44,222248.0,2598.95,3,896.51,2.8,2,0.26,12,Yes,No
404,CUST-10404,2024-11-16,Alexandria,Web,Silver,35,248866.0,3343.96,4,691.09,4.1,6,0.3,14,Yes,No
405,CUST-10405,2025-03-02,Giza,Mobile App,Bronze,20,213310.0,1563.6,8,221.22,4.4,0,0.42,15,Yes,No
406,CUST-10406,2024-09-17,Cairo,Mobile App,Silver,23,175182.0,1261.0,8,161.56,1.0,2,0.47,11,No,Yes
407,CUST-10407,2023-10-15,Alexandria,Web,Bronze,43,164260.0,1243.33,8,166.04,4.4,2,0.39,16,No,Yes
408,CUST-10408,2024-10-24,Cairo,Branch,Gold,37,163990.0,2069.98,8,279.77,4.8,3,0.21,12,Yes,No
409,CUST-10409,2024-09-30,Cairo,Mobile App,Silver,49,225355.0,1347.66,1,1235.25,4.6,1,0.22,17,Yes,No
410,CUST-10410,2023-06-04,Alexandria,Mobile App,Gold,38,88537.0,2332.79,7,329.31,5.0,2,0.09,13,Yes,No
411,CUST-10411,2024-05-04,Giza,Mobile App,Bronze,22,155828.0,2269.29,4,670.86,4.5,2,0.15,8,Yes,Yes
412,CUST-10412,2024-01-21,Giza,Branch,Platinum,29,283715.0,3116.72,7,492.74,3.1,1,0.01,14,Yes,No
413,CUST-10413,2025-02-23,Mansoura,Branch,Silver,41,286223.0,2462.03,5,584.89,4.7,0,0.25,9,Yes,No
414,CUST-10414,2023-04-14,Alexandria,Mobile App,Bronze,43,83920.0,1825.46,11,182.3,3.1,1,0.12,15,Yes,Yes
415,CUST-10415,2024-01-28,Cairo,Mobile App,Bronze,44,106458.0,2569.76,6,372.72,3.7,1,0.46,10,Yes,Yes
416,CUST-10416,2023-09-03,Asyut,Web,Gold,23,162410.0,1272.83,7,150.16,4.3,2,0.12,7,No,Yes
417,CUST-10417,2023-06-25,Giza,Web,Silver,22,,2165.67,7,318.99,4.0,1,0.35,10,No,Yes
418,CUST-10418,2023-02-08,Giza,Mobile App,Gold,33,61214.0,2487.46,3,782.0,4.8,5,0.26,20,Yes,No
419,CUST-10419,2024-04-21,Alexandria,Web,Bronze,51,176437.0,2316.39,9,234.26,5.0,1,0.2,11,Yes,No
420,CUST-10420,2024-11-12,Asyut,Mobile App,Bronze,27,149178.0,2573.56,5,577.96,2.6,1,0.12,10,No,Yes
421,CUST-10421,2025-01-28,Mansoura,Web,Silver,40,266188.0,1620.36,7,219.16,3.3,1,0.13,17,Yes,Yes
422,CUST-10422,2024-06-21,Mansoura,Web,Bronze,40,71001.0,3236.83,9,333.32,3.9,1,0.27,12,No,No
423,CUST-10423,2024-02-12,Mansoura,Mobile App,Silver,43,186015.0,3839.95,9,486.39,3.2,2,0.18,15,Yes,No
424,CUST-10424,2024-06-08,Cairo,Branch,Platinum,53,154415.0,757.59,5,172.51,3.5,2,0.16,22,No,No
425,CUST-10425,2024-05-20,Cairo,Web,Platinum,52,275537.0,1105.96,8,130.3,4.3,2,0.56,16,Yes,No
426,CUST-10426,2023-02-05,Mansoura,Mobile App,Platinum,28,218847.0,2238.77,8,317.07,4.2,3,0.33,10,No,No
427,CUST-10427,2024-11-15,Giza,Branch,Gold,18,141922.0,1969.1,9,249.49,3.8,1,0.1,14,Yes,No
428,CUST-10428,2023-01-20,Mansoura,Web,Bronze,28,235470.0,3906.77,2,1893.95,3.7,4,0.29,14,Yes,No
429,CUST-10429,2023-11-17,Cairo,Call Center,Bronze,36,154726.0,2397.81,11,180.18,3.4,4,0.37,14,No,No
430,CUST-10430,2025-02-14,Alexandria,Web,Silver,31,244956.0,3453.29,7,394.97,4.9,2,0.22,14,Yes,Yes
431,CUST-10431,2024-05-26,Giza,Web,Gold,57,164590.0,355.79,6,59.85,5.0,3,0.31,7,No,Yes
432,CUST-10432,2024-02-04,Giza,Branch,Bronze,35,,2932.75,9,305.54,4.5,3,0.17,12,Yes,Yes
433,CUST-10433,2024-10-15,Alexandria,Web,Silver,42,208345.0,1556.03,10,186.55,2.6,2,0.33,15,Yes,No
434,CUST-10434,2024-04-15,Giza,Mobile App,Bronze,37,391932.0,1541.61,5,341.92,3.4,1,0.14,10,Yes,No
435,CUST-10435,2023-05-23,Alexandria,Call Center,Silver,31,176562.0,1976.48,3,727.68,3.8,0,0.53,13,Yes,Yes
436,CUST-10436,2023-04-02,Giza,Web,Gold,18,204886.0,917.87,8,135.63,2.8,1,0.46,15,Yes,No
437,CUST-10437,2023-12-20,Giza,Mobile App,Gold,34,148837.0,2598.51,11,272.86,3.7,0,0.32,18,No,No
438,CUST-10438,2025-03-10,Mansoura,Branch,Bronze,71,180175.0,2371.64,7,314.17,,0,0.33,21,Yes,Yes
439,CUST-10439,2024-12-27,Cairo,Web,Platinum,21,35000.0,2439.57,7,301.95,4.6,2,0.07,15,Yes,No
440,CUST-10440,2023-02-20,Alexandria,Branch,Silver,18,210263.0,2998.33,8,411.65,3.2,1,0.25,16,Yes,Yes
441,CUST-10441,2024-10-26,,Mobile App,Bronze,56,267287.0,3563.3,7,484.26,4.6,2,0.26,12,No,No
442,CUST-10442,2024-11-28,Mansoura,Mobile App,Bronze,43,205781.0,1872.66,2,926.28,2.7,1,0.31,10,Yes,No
443,CUST-10443,2024-07-28,Alexandria,Mobile App,Bronze,37,94599.0,2629.62,10,276.68,2.9,3,0.07,15,Yes,No
444,CUST-10444,2023-07-09,Mansoura,Web,Bronze,50,127884.0,2463.69,6,477.61,3.3,3,0.33,16,Yes,Yes
445,CUST-10445,2023-05-05,Asyut,Branch,Platinum,26,35000.0,2539.85,6,409.61,3.6,2,0.46,18,Yes,No
446,CUST-10446,2023-05-30,Giza,Branch,Silver,34,243630.0,2553.34,6,473.78,1.4,1,0.68,19,Yes,Yes
447,CUST-10447,2023-11-10,Cairo,Mobile App,Gold,46,114577.0,3631.45,7,470.71,4.0,1,0.6,14,Yes,No
448,CUST-10448,2024-07-23,Giza,Mobile App,Bronze,58,178134.0,1786.29,7,275.39,5.0,0,0.14,12,No,Yes
449,CUST-10449,2023-12-08,Cairo,Mobile App,Bronze,22,170007.0,826.84,6,110.33,4.2,0,0.27,13,Yes,No
450,CUST-10450,2023-11-01,Alexandria,Mobile App,Silver,49,,1571.91,7,,3.4,4,0.18,14,No,No
451,CUST-10451,2024-11-22,Asyut,Mobile App,Bronze,39,185543.0,2881.54,4,585.06,2.6,6,0.21,19,Yes,No
452,CUST-10452,2024-11-12,Cairo,Mobile App,Silver,37,232578.0,2221.0,6,401.67,2.0,0,0.62,12,Yes,No
453,CUST-10453,2025-02-21,Cairo,Mobile App,Platinum,35,215520.0,1779.16,7,208.04,2.1,2,0.54,13,Yes,No
454,CUST-10454,2023-02-23,,Mobile App,Silver,20,,1231.15,5,223.21,3.5,2,0.2,13,Yes,No
455,CUST-10455,2024-03-19,Mansoura,Mobile App,Silver,46,164457.0,2399.16,7,342.35,5.0,2,0.19,17,Yes,No
456,CUST-10456,2024-09-04,Alexandria,Web,Bronze,26,301525.0,2780.06,6,448.5,1.2,1,0.46,17,Yes,No
457,CUST-10457,2023-09-21,Cairo,Web,Bronze,23,50932.0,2475.28,9,241.13,4.2,2,0.19,8,Yes,No
458,CUST-10458,2023-02-22,Asyut,Web,Bronze,45,,1972.0,7,262.99,3.0,2,0.24,15,Yes,Yes
459,CUST-10459,2024-07-25,Mansoura,Mobile App,Silver,44,123670.0,2331.98,13,195.72,3.3,1,0.27,9,Yes,No
460,CUST-10460,2024-09-11,Cairo,Mobile App,Bronze,36,147971.0,2326.76,4,621.07,2.8,2,0.7,14,Yes,No
461,CUST-10461,2023-01-05,,Mobile App,Bronze,47,217012.0,2370.73,3,654.89,2.4,2,0.21,13,Yes,No
462,CUST-10462,2023-04-13,Mansoura,Mobile App,Silver,51,216491.0,1134.13,3,415.44,3.7,0,0.23,18,Yes,No
463,CUST-10463,2023-07-15,Giza,Mobile App,Bronze,49,219418.0,2377.59,11,177.5,3.8,2,0.32,12,Yes,No
464,CUST-10464,2025-02-12,Cairo,Web,Bronze,29,89900.0,1803.46,11,166.77,4.2,2,0.2,16,Yes,No
465,CUST-10465,2023-12-16,Cairo,Mobile App,Bronze,46,274187.0,3136.56,9,315.06,2.1,3,0.16,12,Yes,No
466,CUST-10466,2023-02-16,Cairo,Mobile App,Platinum,37,121458.0,2319.63,13,184.69,4.4,0,0.36,13,Yes,No
467,CUST-10467,2024-10-17,Mansoura,Call Center,Silver,54,130126.0,2951.93,5,534.02,4.4,1,0.43,21,No,No
468,CUST-10468,2023-09-26,Cairo,Web,Silver,34,221463.0,1928.4,12,191.87,4.0,1,0.27,17,Yes,No
469,CUST-10469,2024-01-05,Cairo,Web,Bronze,31,161363.0,1960.86,10,181.16,,1,0.31,14,Yes,No
470,CUST-10470,,Cairo,Web,Platinum,28,200037.0,3544.83,8,397.37,3.9,4,0.26,9,Yes,No
471,CUST-10471,2023-04-16,Cairo,Web,Silver,37,39821.0,2592.7,10,236.3,3.5,1,0.04,13,Yes,No
472,CUST-10472,2024-10-31,Cairo,Mobile App,Bronze,40,198481.0,1556.94,10,180.39,4.5,1,0.13,11,Yes,No
473,CUST-10473,2024-10-20,Mansoura,Web,Gold,40,194159.0,3007.28,10,317.11,3.3,3,0.29,10,Yes,No
474,CUST-10474,2024-10-18,Giza,Mobile App,Bronze,39,146859.0,1720.03,11,170.79,3.7,3,0.08,17,Yes,No
475,CUST-10475,2023-04-30,Giza,Mobile App,Silver,42,45185.0,2403.13,6,467.49,2.0,0,0.47,11,Yes,No
476,CUST-10476,2025-02-25,Cairo,Web,Silver,33,166167.0,3853.01,6,,3.9,3,0.13,17,Yes,Yes
477,CUST-10477,2024-08-26,Alexandria,Web,Bronze,25,177571.0,911.85,7,142.71,2.9,1,0.23,12,No,No
478,CUST-10478,2023-02-27,Giza,Web,Platinum,24,156130.0,2041.8,6,299.17,,2,0.27,11,No,No
479,CUST-10479,2023-12-12,Mansoura,Web,Gold,46,60649.0,2567.44,6,486.68,4.3,2,0.18,19,Yes,No
480,CUST-10480,2025-01-10,Cairo,Web,Silver,40,283658.0,2888.23,7,363.71,3.1,2,0.26,15,Yes,Yes
481,CUST-10481,2024-04-18,Mansoura,Call Center,Bronze,18,138474.0,1082.89,7,169.73,3.6,1,0.23,14,No,Yes
482,CUST-10482,2023-04-27,Alexandria,Web,Bronze,47,,817.79,11,79.86,3.8,3,0.02,15,Yes,No
483,CUST-10483,2025-03-01,Cairo,Branch,Bronze,56,35000.0,27000.0,7,501.59,3.9,6,0.01,21,Yes,Yes
484,CUST-10484,2023-05-07,Giza,Web,Gold,27,283666.0,1551.63,8,196.49,4.3,1,0.18,11,No,No
485,CUST-10485,2024-01-28,Asyut,Call Center,Bronze,39,149674.0,1513.95,5,319.59,,3,0.35,17,Yes,No
486,CUST-10486,2024-10-02,Asyut,Mobile App,Silver,30,186400.0,3595.22,4,1061.78,3.3,0,0.19,16,Yes,No
487,CUST-10487,2023-02-27,Giza,Mobile App,Gold,42,252848.0,2262.73,2,950.84,5.0,1,0.19,16,Yes,No
488,CUST-10488,2024-09-25,Giza,Mobile App,Bronze,22,136040.0,2268.61,5,419.03,4.3,2,0.55,13,No,No
489,CUST-10489,2024-05-27,Asyut,Mobile App,Silver,34,242611.0,2038.18,5,425.79,4.9,0,0.14,20,No,No
490,CUST-10490,2025-01-20,,Mobile App,Bronze,46,46014.0,1098.42,6,217.05,3.9,1,0.09,22,Yes,Yes
491,CUST-10491,2023-04-06,Cairo,Mobile App,Platinum,49,215814.0,2808.13,10,235.39,4.0,2,0.23,12,Yes,No
492,CUST-10492,2024-09-29,Asyut,Mobile App,Silver,40,282196.0,2568.51,6,346.33,3.5,1,0.32,9,Yes,No
493,CUST-10493,2023-04-28,Cairo,Web,Bronze,31,142273.0,2351.82,3,644.63,3.2,1,0.38,20,Yes,No
494,CUST-10494,2024-07-13,Alexandria,Web,Bronze,18,252727.0,2095.31,8,,4.5,2,0.48,9,Yes,No
495,CUST-10495,2024-08-23,Cairo,Mobile App,Bronze,27,299205.0,1936.91,12,187.74,3.8,0,0.55,18,Yes,No
496,CUST-10496,2024-05-02,Cairo,Mobile App,Gold,30,163435.0,3021.24,11,298.97,3.5,3,0.21,13,Yes,Yes
497,CUST-10497,2023-08-25,Giza,Mobile App,Gold,27,158061.0,2072.84,10,221.97,2.7,0,0.07,18,Yes,Yes
498,CUST-10498,2023-09-29,Mansoura,Mobile App,Silver,36,121611.0,2142.35,8,,5.0,0,0.32,14,Yes,No
499,CUST-10499,2023-07-08,Cairo,Branch,Bronze,31,146868.0,2676.9,9,330.98,3.7,3,0.05,16,Yes,No
500,CUST-10500,2024-12-04,Cairo,Web,Bronze,37,127002.0,2387.16,11,187.12,2.5,1,0.24,16,Yes,No
501,CUST-10501,2024-03-22,Cairo,Web,Bronze,48,121558.0,3678.05,5,,3.7,2,0.31,11,Yes,No
502,CUST-10502,2024-08-03,Giza,Web,Silver,31,257924.0,614.77,9,68.03,3.4,3,0.3,11,Yes,No
503,CUST-10503,2025-02-28,Asyut,Mobile App,Gold,20,128655.0,2469.92,6,347.5,3.4,1,0.05,11,Yes,No
504,CUST-10504,2023-09-04,Giza,Call Center,Silver,27,196804.0,1564.95,9,168.29,4.1,1,0.24,11,Yes,Yes
505,CUST-10505,,Alexandria,Web,Bronze,41,182485.0,1352.12,4,313.22,3.4,3,0.16,13,No,No
506,CUST-10506,2023-06-03,Asyut,Mobile App,Silver,42,277376.0,1788.64,10,145.64,3.3,0,0.15,20,No,No
507,CUST-10507,2024-10-17,Alexandria,Web,Gold,39,147295.0,2249.21,6,320.4,4.8,3,0.15,9,Yes,Yes
508,CUST-10508,2024-03-10,Cairo,Mobile App,Gold,49,204775.0,2289.16,9,281.21,2.0,2,0.3,15,Yes,No
509,CUST-10509,2023-03-27,Cairo,Mobile App,Gold,33,231420.0,834.42,11,61.23,3.6,2,0.54,15,Yes,Yes
510,CUST-10510,2024-11-27,Giza,Web,Bronze,58,276834.0,1713.02,8,251.32,4.4,0,0.11,15,Yes,No
511,CUST-10511,2023-10-12,Giza,Mobile App,Bronze,44,146346.0,2453.1,8,,4.2,1,0.39,16,Yes,No
512,CUST-10512,2023-08-08,Giza,Web,Gold,18,139837.0,1410.76,5,315.92,4.5,4,0.64,12,No,Yes
513,CUST-10513,2023-03-10,Mansoura,Web,Silver,55,110984.0,1196.69,4,,5.0,2,0.08,15,Yes,No
514,CUST-10514,2023-02-16,Giza,Web,Bronze,27,325359.0,169.48,5,50.0,5.0,2,0.07,12,Yes,No
515,CUST-10515,2023-04-04,Cairo,Web,Gold,24,269991.0,1603.13,10,,2.6,1,0.29,15,Yes,Yes
516,CUST-10516,2025-01-19,,Web,Gold,41,177257.0,1165.33,10,106.63,2.2,2,0.28,14,Yes,No
517,CUST-10517,2024-03-28,Giza,Mobile App,Silver,18,305544.0,1314.46,7,175.24,3.9,2,0.13,11,Yes,No
518,CUST-10518,2023-07-23,Mansoura,Mobile App,Silver,27,173379.0,1955.36,2,948.95,2.4,0,0.01,13,Yes,No
519,CUST-10519,2023-08-06,Alexandria,Mobile App,Bronze,52,227087.0,1660.15,4,355.16,,5,0.52,10,Yes,No
